CHAINID,PMID,Mut Epitope,AA change,HLA,WT peptide,Gene,hla_type,super_type,Assay,Revised Cancer Type,Mutation Type,Cancer Type
1,10049939,GELIGILNAAKVPAD,T65I,DRA0101-DRB10101,GELIGTLNAAKVPAD,TPI1,DR,HLA-II,,melanoma,SNV,melanoma
2,10334988,FSWAMDLDPKGA,FNAK,DRA0101-DRB10401,FSWAMDLDPFGA,CDC27,DR,HLA-II,,melanoma,SNV,melanoma
3,12045238,MIFEKHGFRRTTPP,E1939K,DRA0101-DRB11501,MIFEEHGFRRTTPP,FN1,DR,HLA-II,,melanoma,SNV,melanoma
4,12359760,RVIKNSIRLTL,PR,DRA0101-DRB10701,PVIKNSIKLRL,PAPOLG,DR,HLA-II,,melanoma,SNV,melanoma
5,12794170,PYYFAAELPPRNLPEP,G677R,DRA0101-DRB11001,PYYFAAELPPGNLPEP,PTPRK,DR,HLA-II,,melanoma,SNV,melanoma
6,14679013,LWWVNNQSLPVSP,G538N,DRA0101-DRB11101,Ensembl_not_found,CEA,DR,HLA-II,,colorectal cancer,SNV,colorectal cancer
6,14679013,LWWVNNQSLPVSP,G538N,DRA0101-DRB11301,Ensembl_not_found,CEA,DR,HLA-II,,colorectal cancer,SNV,colorectal cancer
6,14679013,LWWVNNQSLPVSP,G538N,DRA0101-DRB11401,Ensembl_not_found,CEA,DR,HLA-II,,colorectal cancer,SNV,colorectal cancer
7,14996715,EDLTVKIGDFGLATEKSRWSGSHQFEQLS,V599E,DRA0101-DRB10404,EDLTVKIGDFGLATVKSRWSGSHQFEQLS,BRAF,DR,HLA-II,ELISA,melanoma,SNV,melanoma
8,16585607,TYYRPGVNLSLSC,A253V,DRA0101-DRB10701,Ensembl_not_found,CEA,DR,HLA-II,,lung cancer,SNV,lung cancer
9,16888034,CEFHACWPAFTVLGE,L37H,DRA0101-DRB10101,CEFLACWPAFTVLGE,CSAG3,DR,HLA-II,,melanoma,SNV,melanoma
9,16888034,CEFHACWPAFTVLGE,L37H,DRA0101-DRB10401,CEFLACWPAFTVLGE,CSAG3,DR,HLA-II,,melanoma,SNV,melanoma
9,16888034,CEFHACWPAFTVLGE,L37H,DRA0101-DRB10701,CEFLACWPAFTVLGE,CSAG3,DR,HLA-II,,melanoma,SNV,melanoma
10,17334368,GELIGILNAAKVPAD,T28I,DRA0101-DRB10101,GELIGTLNAAKVPAD,TPI,DR,HLA-II,,melanoma,SNV,melanoma
14,25043048,GWVKPIIIGHHAYGDQYRAT,R132H,DRA0101-DRB10101,GWVKPIIIGRHAYGDQYRAT,IDH1,DR,HLA-II,ELISPOT;T cell response,glioblastoma,SNV,brain;glioma;glioblastoma
15,26516200,NHVVDISKSGLITIA,E426K,DRA0101-DRB10701,NHVVDISESGLITIA,GPD2,DR,HLA-II,ELISPOT,colorectal cancer,SNV,colorectal cancer
16,26516200,TSFLSINSKEETGHL,E805G,DRA0101-DRB10405,TSFLSINSKEE TEHL,ERBB2IP,DR,HLA-II,ELISpot assay; flow cytometry,cholangiocarcinoma,,bile duct
17,28377481,RYLLVEGGNFHASSQ,H204L,DRA0101-DRB11501,RYLHVEGGNFHASSQ,RBPJ,DR,HLA-II,,breast cancer,SNV,breast cancer
18,28678778,DFSQEFSPIQEAQQD,S569F,DRA0101-DRB10401,DSSQEFSPIQEAQQD,RUSC2,DR,HLA-II,T cell response,melanoma,SNV,melanoma
19,28678778,DYALSPDGSIRKATG,P715L,DPA10103-DPB10401,DYAPSPDGSIRKATG,KCNC3,DP,HLA-II,T cell response,melanoma,SNV,melanoma
20,28678778,EEFWLVDLLPSTHYT,R1007W,DQA10101-DQB10501,EEFRLVDLLPSTHYT,TNR,DQ,HLA-II,T cell response,melanoma,SNV,melanoma
21,28678778,IHLFEAEFTQVAKKEPDG,G670E,DRA0101-DRB10101,IHLFGAEFTQVAKKEPDG,ARHGAP29,DR,HLA-II,T cell response,melanoma,SNV,melanoma
22,28678778,KSLLRAAFFGKCFLDR,S404F,DPA10103-DPB10401,KSLLRAASFGKCFLDR,VPS16,DP,HLA-II,T cell response,melanoma,SNV,melanoma
23,28678778,LFQNTDLGSFHDLLR,D811N,DQA10101-DQB10501,LFQDTDLGSFHDLLR,GTF3C2,DQ,HLA-II,T cell response,melanoma,SNV,melanoma
24,28678778,PSQFARVPGYVGSPLA,F288Y,DRA0101-DRB10101,PSQFARVPGFVGSPLA,PATL1,DR,HLA-II,T cell response,melanoma,SNV,melanoma
25,28678778,RFNLIANQHLLAPGF,T961I,DRA0101-DRB10701,RFNLTANQHLLAPGF,ADAMTS7,DR,HLA-II,T cell response,melanoma,SNV,melanoma
26,28678778,SSHYKFSKPALQSQS,V195A,DRA0101-DRB10101,Ensembl_not_found,FAM190A,DR,HLA-II,T cell response,melanoma,SNV,melanoma
27,28811957,EFISENCGEII,Y641N,DRA0101-DRB11302,EFISEYCGEII,EZH2,DR,HLA-II,b cell,,SNV,
28,29360643,GDFGLATEKSRWSGS,V600E,DQA10301-DQB10302,GDFGLATVKSRWSGS,BRAF,DQ,HLA-II,,melanoma,SNV,melanoma
29,29720506,HNVAMMLAQLVSGGS,D654G,DPA10103-DPB11001,HNVAMMLAQLVSDGS,RPTOR,DP,HLA-II,,ovarian cancer,SNV,ovarian cancer
30,29720506,HYNYMCNSSCMGSMN,G245S,DRA0101-DRB30202,HYNYMCNSSCMGGMN,TP53,DR,HLA-II,,ovarian cancer,SNV,ovarian cancer
31,29720506,LADGGYDVEKNNSRI,A71D,DQA10301-DQB10402,Ensembl_not_found,HIST1H1B,DQ,HLA-II,,ovarian cancer,SNV,ovarian cancer
32,29720506,NERGVSSCDRLTDPH,E576V,DQA10103-DQB10603,Ensembl_not_found,CTAGE5,DQ,HLA-II,,ovarian cancer,SNV,ovarian cancer
33,29720506,NTFRHSVVVPCEPPE,Y220C,DRA0101-DRB30202,NTFRHSVVVPYEPPE,TP53,DR,HLA-II,,ovarian cancer,SNV,ovarian cancer
34,29720506,RMQYSMECFQFMKKL,Y2009C,DPA10103-DPB10402,RMQYSMEYFQFMKKL,USP9X,DP,HLA-II,,ovarian cancer,SNV,ovarian cancer
35,29720506,SLAALKKALADGGYD,A71D,DRA0101-DRB40101,Ensembl_not_found,HIST1H1B,DR,HLA-II,,ovarian cancer,SNV,ovarian cancer
36,29853601,HNVAMMLAQLVSGGS,D654G,DPA10103-DPB11001,HNVAMMLAQLVSDGS,RPTOR,DP,HLA-II,ELISpot assay,ovarian cancer,SNV,ovarian cancer
36,29853601,HNVAMMLAQLVSGGS,D654G,DPA10201-DPB11001,HNVAMMLAQLVSDGS,RPTOR,DP,HLA-II,ELISpot assay,ovarian cancer,SNV,ovarian cancer
37,29853601,HYNYMCNSSCMGSMN,G245S,DRA0101-DRB30202,HYNYMCNSSCMGGMN,TP53,DR,HLA-II,ELISPOT,ovarian cancer,SNV,ovarian cancer
38,29853601,LADGGYDVEKNNSRI,A71D,DRA0101-DRB40101,Ensembl_not_found,HIST1H1B,DR,HLA-II,,ovarian cancer,SNV,ovarian cancer
39,29853601,NERGVSSCDRLTDPH,E1111V,DQA10103-DQB10603,NERGESSCDRLTDPH,MIA2,DQ,HLA-II,ELISpot assay,ovarian cancer,SNV,ovarian cancer
40,29853601,NTFRHSVVVPCEPPE,Y220C,DRA0101-DRB30202,NTFRHSVVVPYEPPE,TP53,DR,HLA-II,ELISPOT,ovarian cancer,SNV,ovarian cancer
41,29853601,RMQYSMECFQFMKKL,Y2009C,DPA10103-DPB10402,RMQYSMEYFQFMKKL,USP9X,DP,HLA-II,ELISpot assay,ovarian cancer,SNV,ovarian cancer
42,29853601,SLAALKKALADGGYD,A71D,DQA10301-DQB10402,Ensembl_not_found,HIST1H1B,DQ,HLA-II,,ovarian cancer,SNV,ovarian cancer
43,29867227,DPPALASTNAEVT,K63T,DRA0101-DRB10701,DPPALASKNAEVT,SLC3A2,DR,HLA-II,ELISPOT,breast cancer,SNV,breast cancer
44,29867227,GYNSYSVSNSEKHIM,D222H,DRA0101-DRB10701,GYNSYSVSNSEKDIMAEIYKNGPVE,CTSB,DR,HLA-II,ELISPOT assay,breast cancer,SNV,breast cancer
45,30377343,LELINKLLSPVVPQ,M642I,DRA0101-DRB10101,LELMNKLLSPVVPQ,NUP93,DR,HLA-II,,pancreatic cancer,SNV,pancreatic cancer
46,30377343,QDLMLEDNLLKLEV,I559L,DRA0101-DRB10301,QDLMIEDNLLKLEV,CCDC39,DR,HLA-II,,pancreatic cancer,SNV,pancreatic cancer
48,30714987,HYNYMCNSSSCMGSMN,G245S,DRA0101-DRB30202,HYNYMCNSSSCMGGMN,TP53,DR,HLA-II,ELISPOT;T cell response,ovarian cancer,SNV,ovarian cancer
49,30714987,NTFRHSVVVPCEPPE,Y220C,DRA0101-DRB30202,NTFRHSVVVPYEPPE,TP53,DR,HLA-II,T cell response,ovarian cancer,SNV,ovarian cancer
50,30714987,QHMTEVVRHCPHHER,R175H,DRA0101-DRB11301,QHMTEVVRRCPHHER,TP53,DR,HLA-II,T cell response,colorectal cancer,SNV,colorectal cancer;colon cancer
51,30714987,RNTFRHSVVVPCE,Y220C,DRA0101-DRB10401,RNTFRHSVVVPYE,TP53,DR,HLA-II,T cell response,colorectal cancer,SNV,colorectal cancer;colon cancer
53,30714987,VVRHCPHHERCSDSD,R175H,DRA0101-DRB11301,VVRRCPHHERCSDSD,TP53,DR,HLA-II,T cell response,colorectal cancer,SNV,colorectal cancer;colon cancer
54,30813491,MKQMNDARH,H1047R,DRA0101-DRB10405,MKQMNDAHH,PIK3CA,DR,HLA-II,,,SNV,
56,30813491,MTEYKLVVVGARGVGKSALTIQLIQNH,G12R,DRA0101-DRB10901,MTEYKLVVVGAGGVGKSALTIQLIQNH,KRAS,DR,HLA-II,,,SNV,
57,30813491,RHGGWTTKM,H1047R,DRA0101-DRB10405,HHGGWTTKM,PIK3CA,DR,HLA-II,,,SNV,
58,30813491,RVIKNDSNYV,D816V,DRA0101-DRB10403,RDIKNDSNYV,C-Kit,DR,HLA-II,,,SNV,
58,30813491,RVIKNDSNYV,D816V,DRA0101-DRB10406,RDIKNDSNYV,C-Kit,DR,HLA-II,,,SNV,
59,30835255,EDLTVKIGDFGLATEK,V600E,DRA0101-DRB11101,EDLTVKIGDFGLATVK,BRAF,DR,HLA-II,ELISpot assay,gastric cancer,SNV,gastric cancer
60,30835255,MVMGVLKQAFDVLVL,I777V,DRA0101-DRB10701,MVMGILKQAFDVLVL,DIS3L2,DR,HLA-II,T cell response,pancreatic cancer,SNV,pancreatic cancer
61,30906654,AGAFLSSPGLLAVFG,P238S,DRA0101-DRB10101,AGAFLSPPGLLAVFG,MEGF8,DR,HLA-II,ELISpot assay,glioblastoma,SNV,glioblastoma
62,30906654,GFPAERLEGVYSNNI,R47S,DRA0101-DRB10101,GFPAERLEGVYRNNI,PTEN,DR,HLA-II,ELISpot assay,glioblastoma,SNV,glioblastoma
63,30906654,GLNFVSVKGPELLNM,I644V,DRA0101-DRB10101,GLNFISVKGPELLNM,NVL,DR,HLA-II,ELISpot assay,glioblastoma,SNV,glioblastoma
64,30906654,LILFFHTLGLQTKEE,R558H,DRA0101-DRB10101,LILFFRTLGLQTKEE,NUP107,DR,HLA-II,ELISpot assay,glioblastoma,SNV,glioblastoma
65,30906654,NNTDIRLIGEKLFHG,V72I,DRA0101-DRB10101,NNTDVRLIGEKLFHG,IL22,DR,HLA-II,ELISpot assay,glioblastoma,SNV,glioblastoma
66,31036766,ARGGLVDEKALAR,Q277R,DRA0101-DRB10301,ARGGLVDEKALAQ,CTBP1,DR,HLA-II,,bladder cancer,SNV,bladder cancer
67,31036766,ARGGLVDEKALARAL,Q277R,DRA0101-DRB10301,ARGGLVDEKALAQAL,CTBP1,DR,HLA-II,,bladder cancer,SNV,bladder cancer
68,31036766,ARGGLVDEKALARALKE,Q277R,DRA0101-DRB10301,ARGGLVDEKALAQALKE,CTBP1,DR,HLA-II,,bladder cancer,SNV,bladder cancer
69,31036766,ARGGLVDEKALARALKEGR,Q277R,DRA0101-DRB10301,ARGGLVDEKALAQALKEGR,CTBP1,DR,HLA-II,,bladder cancer,SNV,bladder cancer
70,31036766,ARGGLVDEKALARALKEGRIR,Q277R,DRA0101-DRB10301,ARGGLVDEKALAQALKEGRIR,CTBP1,DR,HLA-II,,bladder cancer,SNV,bladder cancer
71,31036766,ARGGLVDEKALARALKEGRIRGA,Q277R,DRA0101-DRB10301,ARGGLVDEKALAQALKEGRIRGA,CTBP1,DR,HLA-II,,bladder cancer,SNV,bladder cancer
72,31036766,DEKALARALKEGRIRGAAL,Q277R,DRA0101-DRB10301,DEKALAQALKEGRIRGAAL,CTBP1,DR,HLA-II,,bladder cancer,SNV,bladder cancer
73,31036766,GGLVDEKALARALKEGRIRGAAL,Q277R,DRA0101-DRB10301,GGLVDEKALAQALKEGRIRGAAL,CTBP1,DR,HLA-II,,bladder cancer,SNV,bladder cancer
74,31036766,KALARALKEGRIR,Q277R,DRA0101-DRB10301,KALAQALKEGRIR,CTBP1,DR,HLA-II,ELISA assay;ELISA,bladder cancer,SNV,bladder cancer
75,31036766,KALARALKEGRIRGAAL,Q277R,DRA0101-DRB10301,KALAQALKEGRIRGAAL,CTBP1,DR,HLA-II,,bladder cancer,SNV,bladder cancer
76,31036766,LARALKEGRIRGAAL,Q277R,DRA0101-DRB10301,LAQALKEGRIRGAAL,CTBP1,DR,HLA-II,,bladder cancer,SNV,bladder cancer
77,31036766,LVDEKALARALKEGRIRGAAL,Q277R,DRA0101-DRB10301,LVDEKALAQALKEGRIRGAAL,CTBP1,DR,HLA-II,,bladder cancer,SNV,bladder cancer
78,31036766,RALKEGRIRGAAL,Q277R,DRA0101-DRB10301,QALKEGRIRGAAL,CTBP1,DR,HLA-II,,bladder cancer,SNV,bladder cancer
79,31043415,MTEYKLVVVGAVGVGKSALTIQLIQ,G12V,DRA0101-DRB11104,MTEYKLVVVGAGGVGKSALTIQLIQ,KRAS,DR,HLA-II,,lung cancer,SNV,lung cancer
80,31221207,EGFVLSGESCLPLA,A1177V,DPA10202-DPB10301,EGFALSGESCLPLA,FCGBP,DP,HLA-II,ELISpot assay;ELISPOT,ovarian cancer,SNV,ovarian cancer
81,31221207,FGLLGNILLVI,V67L,DPA10202-DPB10301,FGLLGNILVVI,CCR6,DP,HLA-II,,ovarian cancer,SNV,ovarian cancer
82,31221207,GEKFRASSLKFPGL,R3179S,DPA10301-DPB10301,GEKFRARSLKFPGL,DNAH8,DP,HLA-II,ELISpot assay,ovarian cancer,SNV,ovarian cancer
83,31221207,IEILRNLYHEIIV,N936I,DRA0101-DRB40101,IEILRNLYHENIV,JAK1,DR,HLA-II,ELISpot assay,ovarian cancer,SNV,ovarian cancer
84,31221207,LILTYNLRNRIVFR,K703N,DPA10201-DPB10901,LILTYNLRKRIVFR,KCNH1,DP,HLA-II,ELISpot assay,ovarian cancer,SNV,ovarian cancer
85,31221207,PILEVEEMEPLPVM,P594L,DQA10501-DQB10201,PILEVEEMEPPPVM,IL27RA,DQ,HLA-II,ELISpot assay;ELISPOT,ovarian cancer,SNV,ovarian cancer
86,31221207,QELRELRFLLKEEQ,Q838L,DRA0101-DRB10102,QELRELRFLQKEEQ,SLK,DR,HLA-II,ELISpot assay,ovarian cancer,SNV,ovarian cancer
87,31221207,SGLHIFPTKNLLIQ,Q60H,DRA0101-DRB11501,SGLQIFPTKNLLIQ,NUP214,DR,HLA-II,ELISpot assay;ELISPOT,ovarian cancer,SNV,ovarian cancer
88,31996390,EVVRHCPHHER,R175H,DRA0101-DRB11301,EVVRRCPHHER,TP53,DR,HLA-II,ELISPOT,,SNV,
89,31996390,HMTEVVRHC,R175H,DRA0101-DRB11301,HMTEVVRRC,TP53,DR,HLA-II,ELISPOassay; flowcytometry,colorectal cancer,,colon cancer
90,32439798,ALPLSEPMRRSVSEE,A857E,DRA0101-DRB11202,ALPLSEPMRRSVSEA,LIPE,DR,HLA-II,T cell response,kidney cancer,SNV,collecting duct carcinoma
91,32439798,EMSALLARRRRIVEK,A706V,DRA0101-DRB11202,EMSALLARRRRIAEK,ENAH,DR,HLA-II,T cell response,kidney cancer,SNV,collecting duct carcinoma
92,32439798,PKPVLHMVSSEQHSG,A403G,DRA0101-DRB11202,PKPVLHMVSSEQHSA,PTPN12,DR,HLA-II,T cell response,kidney cancer,SNV,collecting duct carcinoma
93,32439798,QWINYFDKRRDYLKF,K50N,DRA0101-DRB11202,QWIKYFDKRRDYLKF,COA6,DR,HLA-II,T cell response,kidney cancer,SNV,collecting duct carcinoma
94,32439798,RTDLVKSELLHIECQ,S216C,DRA0101-DRB11202,RTDLVKSELLHIESQ,MTRR,DR,HLA-II,T cell response,kidney cancer,SNV,collecting duct carcinoma
95,32439798,SEIVPCLSERHKAYL,L426R,DRA0101-DRB11202,SEIVPCLSELHKAYL,CCNA1,DR,HLA-II,T cell response,kidney cancer,SNV,collecting duct carcinoma
96,32439798,SFYNNLVSFASPLVT,I 3507F,DRA0101-DRB11202,/,SMG1,DR,HLA-II,T cell response,kidney cancer,SNV,collecting duct carcinoma
97,32439798,VAGCYLKYKNKNSLS,K321N,DRA0101-DRB11202,VAGCYLKYKKKNSLS,EFCAB13,DR,HLA-II,T cell response,kidney cancer,SNV,collecting duct carcinoma
98,33473101,ACAQCAKAFPKAYL,G469A,DRA0101-DRB11202,ACAQCGKAFPKAYL,E4F1,DR,HLA-II,,lung cancer,SNV,lung cancer
99,33473101,ARPVEWLGRCILDA,D114V,DRA0101-DRB11201,ARPDEWLGRCILDA,CHPF,DR,HLA-II,,lung cancer,SNV,lung cancer
100,33473101,CHALRFLHKNQLTHT,E276K,DRA0101-DRB11454,CHALRFLHENQLTHT,CLK3,DR,HLA-II,,lung cancer,SNV,lung cancer
101,33473101,CWISFDTHLLY,S286F,DRA0101-DRB11201,CWISSDTHLLY,CALCRL,DR,HLA-II,,lung cancer,SNV,lung cancer
102,33473101,FGHMLYFLNCHLP,C120Y,DRA0101-DRB11501,FGHMLCFLNCHLP,INPP5J,DR,HLA-II,,lung cancer,SNV,lung cancer
103,33473101,FLSAKHRRQVYLQI,Q2902R,DRA0101-DRB11101,FLSAKHQRQVYLQI,ASPM,DR,HLA-II,,lung cancer,SNV,lung cancer
104,33473101,HDFFESLHRRQAFHI,G1482R,DRA0101-DRB11101,HDFFESLHRGQAFHI,VPS13D,DR,HLA-II,,lung cancer,SNV,lung cancer
105,33473101,HHKFHSQRHRSKK,G339R,DRA0101-DRB11202,HHKFHSQRHGSKK,TMEM120A,DR,HLA-II,,lung cancer,SNV,lung cancer
106,33473101,KDFNLLRLLGANAF,W100L,DRA0101-DRB11101,KDFNLLRWLGANAF,GUSB,DR,HLA-II,,lung cancer,SNV,lung cancer
107,33473101,KITDFGRAKLL,L591R,DRA0101-DRB11202,KITDFGLAKLL,EGFR,DR,HLA-II,,lung cancer,SNV,lung cancer
108,33473101,LCTDVALPLIVHNIQ,P429L,DRA0101-DRB11201,LCTDVAPPLIVHNIQ,JAK1,DR,HLA-II,,lung cancer,SNV,lung cancer
109,33473101,LFRQFTFVNSKTVT,V112F,DRA0101-DRB11501,LFRQVTFVNSKTVT,ZNF300,DR,HLA-II,,lung cancer,SNV,lung cancer
110,33473101,LSLVFVDKPKKAKLL,E140K,DRA0101-DRB10803,LSLVFVDKPEKAKLL,ACSL1,DR,HLA-II,,lung cancer,SNV,lung cancer
111,33473101,NDRYVLGISDTLIRL,D175Y,DRA0101-DRB10401,NDRDVLGISDTLIRL,CTH,DR,HLA-II,,lung cancer,SNV,lung cancer
112,33473101,NIFKALFCSFRAQHV,C44S,DRA0101-DRB10401,NIFKALFCCFRAQHV,CTDSP2,DR,HLA-II,,lung cancer,SNV,lung cancer
113,33473101,NILELASGAVLR,V52L,DRA0101-DRB11202,NILEVASGAVLR,TBL3,DR,HLA-II,,lung cancer,SNV,lung cancer
114,33473101,NVQMLFSNPLYEPV,D622Y,DRA0101-DRB11501,NVQMLFSNPLDEPV,TGM3,DR,HLA-II,,lung cancer,SNV,lung cancer
115,33473101,RNMVFAAKAMKS,G110V,DRA0101-DRB10803,RNMGFAAKAMKS,CHMP4C,DR,HLA-II,,lung cancer,SNV,lung cancer
116,33473101,RPQLLKVKRKKPR,S287L,DRA0101-DRB10803,RPQLSKVKRKKPR,NHEJ1,DR,HLA-II,,lung cancer,SNV,lung cancer
117,33473101,TNILPVNQPVRLGAS,P584L,DRA0101-DRB11202,TNILPVNQPVRPGAS,ADNP2,DR,HLA-II,,lung cancer,SNV,lung cancer
118,33473101,VGLAVNSAVLYVLL,G54V,DRA0101-DRB11201,VGLAGNSAVLYVLL,NPBWR1,DR,HLA-II,,lung cancer,SNV,lung cancer
119,33473101,VRDFSQVHPLAVLL,S1052F,DRA0101-DRB10405,VRDSSQVHPLAVLL,DHX30,DR,HLA-II,,lung cancer,SNV,lung cancer
131,34244308,HVKITDFGRAKLLGAEE,L858R,DRA0101-DRB10901,HVKITDFGLAKLLGAEE,EGFR,DR,HLA-II,,lung cancer,SNV,lung cancer
132,34244308,KYEKSAVLASNSQFLVK,V396A,DRA0101-DRB11602,KYEKSAVLVSNSQFLVK,TUBD1,DR,HLA-II,ELISPOT,lung cancer,SNV,lung cancer;non-small cell lung cancer
133,34244308,LDGEYFTLEIRGRERFE,Q331E,DRA0101-DRB10101,LDGEYFTLQIRGRERFE,TP53,DR,HLA-II,,lung cancer,SNV,lung cancer
134,34244308,LLGRNSFELRVCACPGR,V272L,DRA0101-DRB10901,LLGRNSFEVRVCACPGR,TP53,DR,HLA-II,,lung cancer,SNV,lung cancer
135,34244308,LTSTVQLIMQLMPFGCL,T790M,DRA0101-DRB10901,LTSTVQLITQLMPFGCL,EGFR,DR,HLA-II,ELISPOT,lung cancer,SNV,lung cancer;non-small cell lung cancer
136,34244308,MASVDNPLMCRLLGICL,H773LV774M,DRA0101-DRB10901,MASVDNPHVCRLLGICL,EGFR,DR,HLA-II,ELISPOT,lung cancer,SNV,non-small cell lung cancer
137,34244308,QDFRRNILSVCKEAVDL,N145S,DRA0101-DRB11602,QDFRRNILNVCKEAVDL,PIK3CA,DR,HLA-II,ELISPOT,lung cancer,SNV,lung cancer;non-small cell lung cancer
138,34244308,RKRKFINRGLAHDSEEL,D38G,DRA0101-DRB11301,RKRKFINRDLAHDSEEL,ETV1,DR,HLA-II,ELISPOT,lung cancer,SNV,lung cancer;non-small cell lung cancer
140,35193931,AYHASKYEFLANLHIT,C197Y,DRA0101-DRB10101,AYHASKCEFLANLHIT,DUSP5,DR,HLA-II,,hepatocellular carcinoma,SNV,hepatocellular carcinoma
141,35193931,EHPFFTLQKTKKTDI,H328Q,DRA0101-DRB10101,EHPFFTLHKTKKTDI,MAP2K3,DR,HLA-II,,hepatocellular carcinoma,SNV,hepatocellular carcinoma
142,35193931,EVTHAFRSQDGFLSSLESY,E31G,DRA0101-DRB10101,EVTHAFRSQDEFLSSLESY,ADAMTS10,DR,HLA-II,,hepatocellular carcinoma,SNV,hepatocellular carcinoma
143,35193931,LKRPLQFLGLFGNSLCRLTHI,E333G,DRA0101-DRB10101,LKRPLQFLGLFENSLCRLTHI,ZER1,DR,HLA-II,,hepatocellular carcinoma,SNV,hepatocellular carcinoma
144,35193931,RLVYQFKEMPKNIVVID,D291E,DRA0101-DRB10101,RLVYQFKDMPKNIVVID,ELF2,DR,HLA-II,,hepatocellular carcinoma,SNV,hepatocellular carcinoma
145,35193931,SPEIKLKWASSIAQL,T1364A,DRA0101-DRB10101,SPEIKLKWTSSIAQL,ARHGEF40,DR,HLA-II,,hepatocellular carcinoma,SNV,hepatocellular carcinoma
146,35211402,FLGLVAWVHGDPRRA,V54F,DRA0101-DRB10901,VLGLVAWVHGDPRRA,SLC44A5,DR,HLA-II,,lung cancer,SNV,lung cancer
147,29853601,SLAALKKALADGGYD,A71D,DRA0101-DRB40101,SLAALKKALAAGGYD,H1-5,DQ,HLA-II,ELISpot assay,ovarian cancer,SNV,ovarian cancer
148,30377343,GLLRYWRTERLF,Ensemblnotfound,DRA0101-DRB10301,GLLRDWRTERLF,NA,DR,HLA-II,,pancreatic cancer,SNV,pancreatic cancer